title,source,published
Észak-Korea felfegyverzésére és egy Dél-Koreával szembeni megtorlásra is célozgatott Putyin,Portfolio,2024-06-20T18:06:00Z
Magára haragította Oroszország a világ egyik legerősebb katonai hatalmát: értékes szövetségest nyerhet Ukrajna,Portfolio,2024-06-20T10:18:00Z
Külföld - De mit akart valójában Putyin Észak-Koreában és Vietnámban?,Index.hu,2024-06-20T13:21:00Z
"Beköszöntött a nyár, útnak indult Mészáros Lőrinc luxusjachtja is",Népszava,2024-06-19T12:46:00Z
Kánikula: meghosszabbította és kiterjesztette a vörös kódot a Belügyminisztérium,24.hu,2024-06-20T16:17:00Z
Kiadták a legmagasabb fokú figyelmeztetést: ebben a magyar megyében lesz elviselhetetlen a hőség,Portfolio,2024-06-20T09:55:00Z
"Mutatjuk, mikor enyhül a forróság",24.hu,2024-06-20T12:21:00Z
Már a piros figyelmeztetést is kiadták a hőség miatt – térkép,Infostart.hu,2024-06-20T09:14:00Z
"Külföld - Klaus Iohannis visszalépett, Mark Rutte lesz a NATO főtitkára",Index.hu,2024-06-20T12:53:00Z
"Úgy meglökték reggel a forintot, mint Gündogan Willi Orbánt",Menedzsment Fórum,2024-06-20T06:10:00Z
